Feature,Score
Temp,0.11154380625771676
Power_1,1.4639511538566312
Hour,0.6528778139002123
Adjusted Sine,0.752955115845745
Gaussian Hour,0.4279786366487883
