Feature,Score
Power_1,0.9055311340653299
Hour,0.03960582300494797
Gaussian Hour,0.023553065901558135
Adjusted Sine,0.015673884105452156
Temp,0.015636092922712
